investor_id,name,pan,email,mobile,state,city,dob,kyc_status,risk_profile,registration_date
INV00001,Investor 1,ABCDE0001F,investor1@email.com,9639275522,Maharashtra,City_1,1993-12-01,KYC_PENDING,Moderate,2020-05-05
INV00002,Investor 2,ABCDE0002F,investor2@email.com,9588830792,Tamil Nadu,City_2,1975-10-08,KYC_VERIFIED,Conservative,2021-02-04
INV00003,Investor 3,ABCDE0003F,investor3@email.com,9964009280,Tamil Nadu,City_3,1980-01-18,KYC_PENDING,Aggressive,2022-03-18
INV00004,Investor 4,ABCDE0004F,investor4@email.com,9379035786,Delhi,City_4,1983-12-21,KYC_VERIFIED,Aggressive,2020-08-14
INV00005,Investor 5,ABCDE0005F,investor5@email.com,9925620454,Maharashtra,City_5,1987-10-12,KYC_VERIFIED,Moderate,2020-02-22
INV00006,Investor 6,ABCDE0006F,investor6@email.com,9217521138,Karnataka,City_6,1975-06-19,KYC_VERIFIED,Aggressive,2021-05-18
INV00007,Investor 7,ABCDE0007F,investor7@email.com,9553492325,Maharashtra,City_7,1982-06-23,KYC_VERIFIED,Moderate,2021-08-14
INV00008,Investor 8,ABCDE0008F,investor8@email.com,9983947462,Gujarat,City_8,1983-05-18,KYC_VERIFIED,Conservative,2018-08-13
INV00009,Investor 9,ABCDE0009F,investor9@email.com,9132535033,West Bengal,City_9,1990-04-10,KYC_PENDING,Aggressive,2021-10-15
INV00010,Investor 10,ABCDE0010F,investor10@email.com,9892673375,Delhi,City_10,1974-12-29,KYC_VERIFIED,Moderate,2021-12-04
INV00011,Investor 11,ABCDE0011F,investor11@email.com,9644433161,West Bengal,City_11,1960-07-21,KYC_PENDING,Conservative,2019-06-23
INV00012,Investor 12,ABCDE0012F,investor12@email.com,9250351262,Rajasthan,City_12,1989-12-22,KYC_VERIFIED,Conservative,2020-06-02
INV00013,Investor 13,ABCDE0013F,investor13@email.com,9546035450,Rajasthan,City_13,1986-04-19,KYC_PENDING,Conservative,2022-02-15
INV00014,Investor 14,ABCDE0014F,investor14@email.com,9908579823,Gujarat,City_14,1973-05-25,KYC_VERIFIED,Moderate,2020-02-11
INV00015,Investor 15,ABCDE0015F,investor15@email.com,9297538186,West Bengal,City_15,1988-01-10,KYC_PENDING,Moderate,2020-05-02
INV00016,Investor 16,ABCDE0016F,investor16@email.com,9237639401,Gujarat,City_16,1985-05-29,KYC_VERIFIED,Aggressive,2019-10-29
INV00017,Investor 17,ABCDE0017F,investor17@email.com,9394556850,Maharashtra,City_17,1983-09-24,KYC_VERIFIED,Moderate,2018-10-19
INV00018,Investor 18,ABCDE0018F,investor18@email.com,9250730791,Karnataka,City_18,1978-05-04,KYC_VERIFIED,Conservative,2019-08-15
INV00019,Investor 19,ABCDE0019F,investor19@email.com,9607558270,Gujarat,City_19,1960-07-17,KYC_VERIFIED,Conservative,2020-08-23
INV00020,Investor 20,ABCDE0020F,investor20@email.com,9150481849,Maharashtra,City_20,1965-01-05,KYC_VERIFIED,Conservative,2022-05-29
INV00021,Investor 21,ABCDE0021F,investor21@email.com,9443832325,Delhi,City_21,1996-01-10,KYC_PENDING,Conservative,2018-11-06
INV00022,Investor 22,ABCDE0022F,investor22@email.com,9990847774,Gujarat,City_22,1962-07-30,KYC_VERIFIED,Aggressive,2021-01-27
INV00023,Investor 23,ABCDE0023F,investor23@email.com,9534508891,Delhi,City_23,1961-12-11,KYC_VERIFIED,Moderate,2019-03-29
INV00024,Investor 24,ABCDE0024F,investor24@email.com,9461634332,Rajasthan,City_24,1963-03-05,KYC_PENDING,Conservative,2019-09-19
INV00025,Investor 25,ABCDE0025F,investor25@email.com,9488953691,Karnataka,City_25,1999-06-18,KYC_VERIFIED,Conservative,2021-07-01
INV00026,Investor 26,ABCDE0026F,investor26@email.com,9227619602,Karnataka,City_26,1969-07-03,KYC_VERIFIED,Moderate,2018-08-03
INV00027,Investor 27,ABCDE0027F,investor27@email.com,9833112452,Delhi,City_27,1985-01-13,KYC_VERIFIED,Aggressive,2021-09-14
INV00028,Investor 28,ABCDE0028F,investor28@email.com,9138511981,Rajasthan,City_28,1970-08-08,KYC_PENDING,Conservative,2020-09-04
INV00029,Investor 29,ABCDE0029F,investor29@email.com,9213991282,Tamil Nadu,City_29,1962-09-22,KYC_VERIFIED,Moderate,2022-01-28
INV00030,Investor 30,ABCDE0030F,investor30@email.com,9622621695,Maharashtra,City_30,1988-01-29,KYC_VERIFIED,Aggressive,2019-07-03
INV00031,Investor 31,ABCDE0031F,investor31@email.com,9396950353,Tamil Nadu,City_31,1962-10-22,KYC_PENDING,Conservative,2019-06-15
INV00032,Investor 32,ABCDE0032F,investor32@email.com,9674328089,Delhi,City_32,1983-12-30,KYC_VERIFIED,Moderate,2019-07-16
INV00033,Investor 33,ABCDE0033F,investor33@email.com,9558650087,Tamil Nadu,City_33,1990-07-27,KYC_PENDING,Aggressive,2022-01-15
INV00034,Investor 34,ABCDE0034F,investor34@email.com,9163399412,Gujarat,City_34,1995-11-15,KYC_VERIFIED,Conservative,2022-12-06
INV00035,Investor 35,ABCDE0035F,investor35@email.com,9685775018,Maharashtra,City_35,1996-11-23,KYC_PENDING,Moderate,2021-06-08
INV00036,Investor 36,ABCDE0036F,investor36@email.com,9739658855,Maharashtra,City_36,1972-07-23,KYC_PENDING,Conservative,2021-07-29
INV00037,Investor 37,ABCDE0037F,investor37@email.com,9476339215,West Bengal,City_37,1978-07-14,KYC_VERIFIED,Moderate,2022-04-19
INV00038,Investor 38,ABCDE0038F,investor38@email.com,9711057580,West Bengal,City_38,1981-01-14,KYC_PENDING,Moderate,2020-03-01
INV00039,Investor 39,ABCDE0039F,investor39@email.com,9450916965,Karnataka,City_39,1998-12-27,KYC_VERIFIED,Aggressive,2020-06-14
INV00040,Investor 40,ABCDE0040F,investor40@email.com,9202793864,Delhi,City_40,1962-04-17,KYC_VERIFIED,Conservative,2018-09-20
INV00041,Investor 41,ABCDE0041F,investor41@email.com,9131223942,UP,City_41,1964-01-14,KYC_PENDING,Conservative,2022-02-22
INV00042,Investor 42,ABCDE0042F,investor42@email.com,9341715666,Tamil Nadu,City_42,1998-04-10,KYC_VERIFIED,Moderate,2018-10-01
INV00043,Investor 43,ABCDE0043F,investor43@email.com,9588173827,Karnataka,City_43,1999-08-08,KYC_VERIFIED,Aggressive,2018-09-20
INV00044,Investor 44,ABCDE0044F,investor44@email.com,9531966158,Delhi,City_44,1973-06-28,KYC_PENDING,Moderate,2020-12-16
INV00045,Investor 45,ABCDE0045F,investor45@email.com,9191338615,Gujarat,City_45,1971-10-08,KYC_PENDING,Aggressive,2020-06-12
INV00046,Investor 46,ABCDE0046F,investor46@email.com,9342702410,West Bengal,City_46,1987-11-27,KYC_VERIFIED,Conservative,2020-12-28
INV00047,Investor 47,ABCDE0047F,investor47@email.com,9827212118,West Bengal,City_47,1998-03-23,KYC_VERIFIED,Conservative,2019-06-20
INV00048,Investor 48,ABCDE0048F,investor48@email.com,9663889975,UP,City_48,1979-07-20,KYC_VERIFIED,Conservative,2019-12-21
INV00049,Investor 49,ABCDE0049F,investor49@email.com,9835829563,Rajasthan,City_49,1969-02-13,KYC_PENDING,Aggressive,2020-05-19
INV00050,Investor 50,ABCDE0050F,investor50@email.com,9508175010,Rajasthan,City_0,1990-10-08,KYC_PENDING,Aggressive,2020-04-30
INV00051,Investor 51,ABCDE0051F,investor51@email.com,9576296503,Maharashtra,City_1,1962-11-08,KYC_VERIFIED,Moderate,2022-10-15
INV00052,Investor 52,ABCDE0052F,investor52@email.com,9927847760,West Bengal,City_2,1980-12-22,KYC_PENDING,Aggressive,2018-06-08
INV00053,Investor 53,ABCDE0053F,investor53@email.com,9121665013,UP,City_3,1963-11-25,KYC_PENDING,Conservative,2022-05-11
INV00054,Investor 54,ABCDE0054F,investor54@email.com,9375639987,Delhi,City_4,1995-05-16,KYC_VERIFIED,Conservative,2022-03-18
INV00055,Investor 55,ABCDE0055F,investor55@email.com,9890051435,Rajasthan,City_5,1991-12-11,KYC_VERIFIED,Conservative,2018-08-04
INV00056,Investor 56,ABCDE0056F,investor56@email.com,9355638154,UP,City_6,1961-03-04,KYC_VERIFIED,Moderate,2020-05-07
INV00057,Investor 57,ABCDE0057F,investor57@email.com,9670085584,Rajasthan,City_7,1976-07-10,KYC_PENDING,Aggressive,2021-12-28
INV00058,Investor 58,ABCDE0058F,investor58@email.com,9732141719,Gujarat,City_8,1974-05-10,KYC_VERIFIED,Moderate,2021-11-25
INV00059,Investor 59,ABCDE0059F,investor59@email.com,9324597002,West Bengal,City_9,1996-09-25,KYC_VERIFIED,Aggressive,2018-12-22
INV00060,Investor 60,ABCDE0060F,investor60@email.com,9722118110,UP,City_10,1964-10-05,KYC_VERIFIED,Moderate,2022-07-17
INV00061,Investor 61,ABCDE0061F,investor61@email.com,9906478665,West Bengal,City_11,1972-05-08,KYC_PENDING,Conservative,2020-08-15
INV00062,Investor 62,ABCDE0062F,investor62@email.com,9744443941,Maharashtra,City_12,1963-11-19,KYC_VERIFIED,Moderate,2019-11-16
INV00063,Investor 63,ABCDE0063F,investor63@email.com,9866438740,Maharashtra,City_13,1980-10-03,KYC_VERIFIED,Conservative,2019-07-24
INV00064,Investor 64,ABCDE0064F,investor64@email.com,9264378500,West Bengal,City_14,1977-10-17,KYC_PENDING,Aggressive,2020-02-21
INV00065,Investor 65,ABCDE0065F,investor65@email.com,9643634085,Maharashtra,City_15,1977-01-03,KYC_VERIFIED,Conservative,2018-05-21
INV00066,Investor 66,ABCDE0066F,investor66@email.com,9776483902,Gujarat,City_16,1996-12-10,KYC_VERIFIED,Conservative,2019-10-13
INV00067,Investor 67,ABCDE0067F,investor67@email.com,9949798972,Gujarat,City_17,1989-07-26,KYC_PENDING,Moderate,2022-07-08
INV00068,Investor 68,ABCDE0068F,investor68@email.com,9877987254,Rajasthan,City_18,1981-08-30,KYC_VERIFIED,Conservative,2020-06-06
INV00069,Investor 69,ABCDE0069F,investor69@email.com,9651056829,West Bengal,City_19,1990-02-07,KYC_VERIFIED,Conservative,2019-08-03
INV00070,Investor 70,ABCDE0070F,investor70@email.com,9854812787,Maharashtra,City_20,1990-12-11,KYC_PENDING,Conservative,2018-03-06
INV00071,Investor 71,ABCDE0071F,investor71@email.com,9349677858,UP,City_21,1968-02-03,KYC_VERIFIED,Moderate,2019-03-13
INV00072,Investor 72,ABCDE0072F,investor72@email.com,9130909212,West Bengal,City_22,1979-06-20,KYC_VERIFIED,Moderate,2018-05-20
INV00073,Investor 73,ABCDE0073F,investor73@email.com,9517301384,Gujarat,City_23,1970-07-03,KYC_VERIFIED,Moderate,2021-06-01
INV00074,Investor 74,ABCDE0074F,investor74@email.com,9291002543,Delhi,City_24,1993-06-27,KYC_VERIFIED,Moderate,2022-07-18
INV00075,Investor 75,ABCDE0075F,investor75@email.com,9747516543,UP,City_25,1985-05-22,KYC_PENDING,Aggressive,2021-01-09
INV00076,Investor 76,ABCDE0076F,investor76@email.com,9186809038,Tamil Nadu,City_26,1976-02-27,KYC_VERIFIED,Moderate,2018-05-21
INV00077,Investor 77,ABCDE0077F,investor77@email.com,9276857188,West Bengal,City_27,1991-12-28,KYC_VERIFIED,Aggressive,2019-10-11
INV00078,Investor 78,ABCDE0078F,investor78@email.com,9546122273,Tamil Nadu,City_28,1991-06-26,KYC_VERIFIED,Conservative,2020-12-02
INV00079,Investor 79,ABCDE0079F,investor79@email.com,9343426850,Karnataka,City_29,1996-01-01,KYC_PENDING,Aggressive,2022-02-21
INV00080,Investor 80,ABCDE0080F,investor80@email.com,9388312096,Tamil Nadu,City_30,1999-02-28,KYC_VERIFIED,Moderate,2018-03-18
INV00081,Investor 81,ABCDE0081F,investor81@email.com,9486313570,Karnataka,City_31,1968-08-05,KYC_PENDING,Aggressive,2019-03-20
INV00082,Investor 82,ABCDE0082F,investor82@email.com,9946100098,Delhi,City_32,1981-03-06,KYC_VERIFIED,Aggressive,2018-08-01
INV00083,Investor 83,ABCDE0083F,investor83@email.com,9376110003,Rajasthan,City_33,1982-07-05,KYC_VERIFIED,Moderate,2018-05-20
INV00084,Investor 84,ABCDE0084F,investor84@email.com,9452610815,Maharashtra,City_34,1990-06-26,KYC_VERIFIED,Aggressive,2020-01-10
INV00085,Investor 85,ABCDE0085F,investor85@email.com,9650805219,UP,City_35,1973-10-16,KYC_VERIFIED,Conservative,2021-04-22
INV00086,Investor 86,ABCDE0086F,investor86@email.com,9132558320,Tamil Nadu,City_36,1961-10-09,KYC_PENDING,Conservative,2020-10-31
INV00087,Investor 87,ABCDE0087F,investor87@email.com,9841836827,Karnataka,City_37,1996-09-23,KYC_VERIFIED,Conservative,2022-02-11
INV00088,Investor 88,ABCDE0088F,investor88@email.com,9547848539,Gujarat,City_38,1986-07-23,KYC_VERIFIED,Moderate,2019-07-21
INV00089,Investor 89,ABCDE0089F,investor89@email.com,9427905549,Gujarat,City_39,1968-02-15,KYC_VERIFIED,Aggressive,2018-12-14
INV00090,Investor 90,ABCDE0090F,investor90@email.com,9611544744,West Bengal,City_40,1998-04-14,KYC_VERIFIED,Aggressive,2019-03-21
INV00091,Investor 91,ABCDE0091F,investor91@email.com,9600401024,Karnataka,City_41,1961-11-23,KYC_VERIFIED,Aggressive,2018-06-18
INV00092,Investor 92,ABCDE0092F,investor92@email.com,9427278621,UP,City_42,1980-01-30,KYC_PENDING,Conservative,2022-04-04
INV00093,Investor 93,ABCDE0093F,investor93@email.com,9594991307,Gujarat,City_43,1976-05-24,KYC_PENDING,Aggressive,2022-05-11
INV00094,Investor 94,ABCDE0094F,investor94@email.com,9901506362,Rajasthan,City_44,1995-07-13,KYC_PENDING,Moderate,2020-07-30
INV00095,Investor 95,ABCDE0095F,investor95@email.com,9333309188,Rajasthan,City_45,1967-05-22,KYC_VERIFIED,Conservative,2022-01-17
INV00096,Investor 96,ABCDE0096F,investor96@email.com,9593809993,Rajasthan,City_46,1963-05-22,KYC_VERIFIED,Moderate,2020-10-08
INV00097,Investor 97,ABCDE0097F,investor97@email.com,9280300802,UP,City_47,1960-09-02,KYC_PENDING,Aggressive,2021-10-10
INV00098,Investor 98,ABCDE0098F,investor98@email.com,9789334791,Maharashtra,City_48,1971-08-25,KYC_VERIFIED,Aggressive,2020-12-10
INV00099,Investor 99,ABCDE0099F,investor99@email.com,9951404282,Rajasthan,City_49,1989-10-08,KYC_VERIFIED,Conservative,2018-08-01
INV00100,Investor 100,ABCDE0100F,investor100@email.com,9280786266,Gujarat,City_0,1980-01-27,KYC_VERIFIED,Aggressive,2022-01-05
INV00101,Investor 101,ABCDE0101F,investor101@email.com,9948738738,Karnataka,City_1,1995-04-11,KYC_VERIFIED,Aggressive,2020-05-04
INV00102,Investor 102,ABCDE0102F,investor102@email.com,9357471901,Gujarat,City_2,1975-09-20,KYC_VERIFIED,Conservative,2022-09-23
INV00103,Investor 103,ABCDE0103F,investor103@email.com,9993474682,Tamil Nadu,City_3,1988-01-05,KYC_VERIFIED,Conservative,2018-01-06
INV00104,Investor 104,ABCDE0104F,investor104@email.com,9877355984,Tamil Nadu,City_4,1964-02-05,KYC_VERIFIED,Conservative,2021-03-30
INV00105,Investor 105,ABCDE0105F,investor105@email.com,9728661724,West Bengal,City_5,1982-07-20,KYC_VERIFIED,Aggressive,2019-09-24
INV00106,Investor 106,ABCDE0106F,investor106@email.com,9663933601,Karnataka,City_6,1996-05-20,KYC_VERIFIED,Conservative,2020-04-09
INV00107,Investor 107,ABCDE0107F,investor107@email.com,9840335432,Delhi,City_7,1981-05-20,KYC_VERIFIED,Aggressive,2018-10-21
INV00108,Investor 108,ABCDE0108F,investor108@email.com,9714454823,Delhi,City_8,1999-04-13,KYC_VERIFIED,Conservative,2019-06-03
INV00109,Investor 109,ABCDE0109F,investor109@email.com,9277192228,Karnataka,City_9,1980-05-31,KYC_VERIFIED,Moderate,2019-06-02
INV00110,Investor 110,ABCDE0110F,investor110@email.com,9780275735,Rajasthan,City_10,1976-08-21,KYC_VERIFIED,Conservative,2022-02-20
INV00111,Investor 111,ABCDE0111F,investor111@email.com,9953920492,UP,City_11,1978-07-30,KYC_VERIFIED,Moderate,2018-03-13
INV00112,Investor 112,ABCDE0112F,investor112@email.com,9260600681,Maharashtra,City_12,1977-12-27,KYC_PENDING,Aggressive,2020-02-28
INV00113,Investor 113,ABCDE0113F,investor113@email.com,9317690830,Karnataka,City_13,1988-03-07,KYC_VERIFIED,Aggressive,2022-12-05
INV00114,Investor 114,ABCDE0114F,investor114@email.com,9508849442,Gujarat,City_14,1984-11-16,KYC_PENDING,Aggressive,2022-11-03
INV00115,Investor 115,ABCDE0115F,investor115@email.com,9203794173,Gujarat,City_15,1980-03-13,KYC_VERIFIED,Aggressive,2020-06-10
INV00116,Investor 116,ABCDE0116F,investor116@email.com,9925501727,Maharashtra,City_16,1978-06-28,KYC_PENDING,Conservative,2021-03-27
INV00117,Investor 117,ABCDE0117F,investor117@email.com,9651814447,Rajasthan,City_17,1997-09-05,KYC_VERIFIED,Aggressive,2018-01-01
INV00118,Investor 118,ABCDE0118F,investor118@email.com,9121321506,Maharashtra,City_18,1990-03-15,KYC_VERIFIED,Conservative,2019-02-17
INV00119,Investor 119,ABCDE0119F,investor119@email.com,9305384821,Gujarat,City_19,1961-10-05,KYC_PENDING,Conservative,2018-12-31
INV00120,Investor 120,ABCDE0120F,investor120@email.com,9616120140,West Bengal,City_20,1976-01-14,KYC_VERIFIED,Conservative,2021-12-27
INV00121,Investor 121,ABCDE0121F,investor121@email.com,9795493350,Karnataka,City_21,1985-02-01,KYC_PENDING,Aggressive,2019-03-09
INV00122,Investor 122,ABCDE0122F,investor122@email.com,9752754881,Maharashtra,City_22,1999-08-06,KYC_VERIFIED,Aggressive,2019-12-09
INV00123,Investor 123,ABCDE0123F,investor123@email.com,9922440672,Maharashtra,City_23,1973-09-29,KYC_VERIFIED,Moderate,2018-12-14
INV00124,Investor 124,ABCDE0124F,investor124@email.com,9706106104,West Bengal,City_24,1978-05-09,KYC_PENDING,Moderate,2018-07-27
INV00125,Investor 125,ABCDE0125F,investor125@email.com,9624926947,West Bengal,City_25,1985-07-16,KYC_VERIFIED,Aggressive,2021-01-13
INV00126,Investor 126,ABCDE0126F,investor126@email.com,9474618391,Gujarat,City_26,1985-05-30,KYC_VERIFIED,Moderate,2021-05-14
INV00127,Investor 127,ABCDE0127F,investor127@email.com,9109788042,Gujarat,City_27,1988-09-27,KYC_VERIFIED,Moderate,2020-11-29
INV00128,Investor 128,ABCDE0128F,investor128@email.com,9339768808,Karnataka,City_28,1977-03-24,KYC_PENDING,Moderate,2022-09-08
INV00129,Investor 129,ABCDE0129F,investor129@email.com,9152890405,Delhi,City_29,1985-08-20,KYC_VERIFIED,Moderate,2022-04-28
INV00130,Investor 130,ABCDE0130F,investor130@email.com,9725420948,Maharashtra,City_30,1990-11-18,KYC_VERIFIED,Conservative,2021-09-19
INV00131,Investor 131,ABCDE0131F,investor131@email.com,9386877773,Karnataka,City_31,1967-02-01,KYC_VERIFIED,Aggressive,2022-12-05
INV00132,Investor 132,ABCDE0132F,investor132@email.com,9837808023,Tamil Nadu,City_32,1999-09-29,KYC_PENDING,Aggressive,2019-06-17
INV00133,Investor 133,ABCDE0133F,investor133@email.com,9936455435,UP,City_33,1968-05-04,KYC_VERIFIED,Moderate,2020-05-05
INV00134,Investor 134,ABCDE0134F,investor134@email.com,9174429998,Karnataka,City_34,1974-06-03,KYC_PENDING,Moderate,2018-03-13
INV00135,Investor 135,ABCDE0135F,investor135@email.com,9145198631,Maharashtra,City_35,1967-03-18,KYC_PENDING,Moderate,2021-09-05
INV00136,Investor 136,ABCDE0136F,investor136@email.com,9845323907,Delhi,City_36,1993-12-19,KYC_VERIFIED,Aggressive,2018-02-18
INV00137,Investor 137,ABCDE0137F,investor137@email.com,9817886659,West Bengal,City_37,1977-03-03,KYC_VERIFIED,Moderate,2020-09-11
INV00138,Investor 138,ABCDE0138F,investor138@email.com,9533918099,UP,City_38,1981-12-06,KYC_VERIFIED,Conservative,2021-03-22
INV00139,Investor 139,ABCDE0139F,investor139@email.com,9224052555,UP,City_39,1995-07-13,KYC_VERIFIED,Conservative,2019-08-16
INV00140,Investor 140,ABCDE0140F,investor140@email.com,9364712869,Gujarat,City_40,1990-06-11,KYC_PENDING,Conservative,2018-03-10
INV00141,Investor 141,ABCDE0141F,investor141@email.com,9527648799,Tamil Nadu,City_41,1991-10-24,KYC_PENDING,Moderate,2021-11-28
INV00142,Investor 142,ABCDE0142F,investor142@email.com,9635662820,Tamil Nadu,City_42,1971-04-12,KYC_VERIFIED,Conservative,2020-09-07
INV00143,Investor 143,ABCDE0143F,investor143@email.com,9901257862,Rajasthan,City_43,1991-12-01,KYC_VERIFIED,Aggressive,2022-12-12
INV00144,Investor 144,ABCDE0144F,investor144@email.com,9205745911,Gujarat,City_44,1990-05-30,KYC_VERIFIED,Aggressive,2022-09-20
INV00145,Investor 145,ABCDE0145F,investor145@email.com,9656568495,Tamil Nadu,City_45,1988-06-10,KYC_VERIFIED,Moderate,2021-01-13
INV00146,Investor 146,ABCDE0146F,investor146@email.com,9997442056,West Bengal,City_46,1964-07-09,KYC_VERIFIED,Moderate,2018-09-28
INV00147,Investor 147,ABCDE0147F,investor147@email.com,9417249919,Delhi,City_47,1977-11-22,KYC_PENDING,Aggressive,2020-05-23
INV00148,Investor 148,ABCDE0148F,investor148@email.com,9391337785,West Bengal,City_48,1987-06-27,KYC_PENDING,Conservative,2019-12-14
INV00149,Investor 149,ABCDE0149F,investor149@email.com,9818262235,Karnataka,City_49,1965-02-01,KYC_VERIFIED,Conservative,2019-05-17
INV00150,Investor 150,ABCDE0150F,investor150@email.com,9412425934,UP,City_0,1964-07-24,KYC_PENDING,Conservative,2022-03-03
INV00151,Investor 151,ABCDE0151F,investor151@email.com,9454065358,West Bengal,City_1,1985-08-23,KYC_VERIFIED,Moderate,2020-02-21
INV00152,Investor 152,ABCDE0152F,investor152@email.com,9365071053,Maharashtra,City_2,1968-01-25,KYC_PENDING,Conservative,2022-05-05
INV00153,Investor 153,ABCDE0153F,investor153@email.com,9965766951,Delhi,City_3,1992-08-29,KYC_VERIFIED,Conservative,2022-09-12
INV00154,Investor 154,ABCDE0154F,investor154@email.com,9738798850,Delhi,City_4,1984-11-14,KYC_VERIFIED,Moderate,2020-03-24
INV00155,Investor 155,ABCDE0155F,investor155@email.com,9496936181,Tamil Nadu,City_5,1979-01-30,KYC_PENDING,Moderate,2020-10-27
INV00156,Investor 156,ABCDE0156F,investor156@email.com,9365960946,Maharashtra,City_6,1976-02-14,KYC_VERIFIED,Moderate,2022-01-25
INV00157,Investor 157,ABCDE0157F,investor157@email.com,9430905200,Maharashtra,City_7,1993-01-22,KYC_VERIFIED,Aggressive,2019-07-15
INV00158,Investor 158,ABCDE0158F,investor158@email.com,9304147477,Rajasthan,City_8,1991-10-30,KYC_VERIFIED,Aggressive,2019-06-04
INV00159,Investor 159,ABCDE0159F,investor159@email.com,9374122086,Rajasthan,City_9,1996-05-06,KYC_PENDING,Conservative,2018-11-28
INV00160,Investor 160,ABCDE0160F,investor160@email.com,9776828942,Rajasthan,City_10,1972-04-17,KYC_VERIFIED,Moderate,2022-03-21
INV00161,Investor 161,ABCDE0161F,investor161@email.com,9399659704,West Bengal,City_11,1992-12-24,KYC_VERIFIED,Conservative,2021-03-22
INV00162,Investor 162,ABCDE0162F,investor162@email.com,9591832299,Karnataka,City_12,1985-04-04,KYC_PENDING,Aggressive,2021-03-20
INV00163,Investor 163,ABCDE0163F,investor163@email.com,9368044818,Karnataka,City_13,1970-03-10,KYC_PENDING,Moderate,2020-06-18
INV00164,Investor 164,ABCDE0164F,investor164@email.com,9801461761,Tamil Nadu,City_14,1999-03-19,KYC_VERIFIED,Moderate,2018-12-04
INV00165,Investor 165,ABCDE0165F,investor165@email.com,9375808758,Maharashtra,City_15,1992-09-26,KYC_VERIFIED,Aggressive,2018-07-15
INV00166,Investor 166,ABCDE0166F,investor166@email.com,9826593174,Rajasthan,City_16,1987-06-13,KYC_VERIFIED,Conservative,2019-09-15
INV00167,Investor 167,ABCDE0167F,investor167@email.com,9709820022,Karnataka,City_17,1966-06-05,KYC_PENDING,Moderate,2018-06-03
INV00168,Investor 168,ABCDE0168F,investor168@email.com,9649625254,Rajasthan,City_18,1977-06-21,KYC_VERIFIED,Conservative,2022-09-08
INV00169,Investor 169,ABCDE0169F,investor169@email.com,9260457349,Gujarat,City_19,1997-05-15,KYC_VERIFIED,Aggressive,2018-04-19
INV00170,Investor 170,ABCDE0170F,investor170@email.com,9660518841,Karnataka,City_20,1988-06-14,KYC_VERIFIED,Aggressive,2021-10-05
INV00171,Investor 171,ABCDE0171F,investor171@email.com,9793843782,Delhi,City_21,1980-12-21,KYC_VERIFIED,Moderate,2021-02-18
INV00172,Investor 172,ABCDE0172F,investor172@email.com,9846231228,Delhi,City_22,1989-11-16,KYC_PENDING,Conservative,2021-06-02
INV00173,Investor 173,ABCDE0173F,investor173@email.com,9444805772,Gujarat,City_23,1963-10-05,KYC_VERIFIED,Aggressive,2020-03-14
INV00174,Investor 174,ABCDE0174F,investor174@email.com,9739111525,Gujarat,City_24,1984-06-29,KYC_VERIFIED,Moderate,2018-09-19
INV00175,Investor 175,ABCDE0175F,investor175@email.com,9766739954,UP,City_25,1986-05-10,KYC_VERIFIED,Aggressive,2022-04-20
INV00176,Investor 176,ABCDE0176F,investor176@email.com,9117881164,UP,City_26,1978-03-02,KYC_VERIFIED,Aggressive,2020-10-05
INV00177,Investor 177,ABCDE0177F,investor177@email.com,9903336635,Maharashtra,City_27,1996-09-27,KYC_PENDING,Moderate,2022-10-23
INV00178,Investor 178,ABCDE0178F,investor178@email.com,9245339546,West Bengal,City_28,1975-06-01,KYC_VERIFIED,Aggressive,2022-03-19
INV00179,Investor 179,ABCDE0179F,investor179@email.com,9238293246,Maharashtra,City_29,1968-10-27,KYC_PENDING,Aggressive,2022-02-17
INV00180,Investor 180,ABCDE0180F,investor180@email.com,9598361846,Karnataka,City_30,1994-09-08,KYC_VERIFIED,Moderate,2022-03-13
INV00181,Investor 181,ABCDE0181F,investor181@email.com,9327441564,Gujarat,City_31,1988-09-03,KYC_PENDING,Moderate,2020-11-23
INV00182,Investor 182,ABCDE0182F,investor182@email.com,9833458943,Gujarat,City_32,1968-07-10,KYC_VERIFIED,Moderate,2021-02-18
INV00183,Investor 183,ABCDE0183F,investor183@email.com,9750377191,UP,City_33,1973-04-22,KYC_PENDING,Aggressive,2018-12-26
INV00184,Investor 184,ABCDE0184F,investor184@email.com,9876750946,UP,City_34,1992-12-09,KYC_VERIFIED,Aggressive,2018-07-07
INV00185,Investor 185,ABCDE0185F,investor185@email.com,9435479740,West Bengal,City_35,1969-07-06,KYC_VERIFIED,Aggressive,2019-08-02
INV00186,Investor 186,ABCDE0186F,investor186@email.com,9700599294,Delhi,City_36,1997-02-03,KYC_VERIFIED,Moderate,2018-06-06
INV00187,Investor 187,ABCDE0187F,investor187@email.com,9613165120,Rajasthan,City_37,1977-09-14,KYC_VERIFIED,Moderate,2020-04-17
INV00188,Investor 188,ABCDE0188F,investor188@email.com,9614415762,Gujarat,City_38,1983-12-27,KYC_VERIFIED,Aggressive,2020-02-06
INV00189,Investor 189,ABCDE0189F,investor189@email.com,9517786477,UP,City_39,1979-10-24,KYC_PENDING,Aggressive,2022-01-08
INV00190,Investor 190,ABCDE0190F,investor190@email.com,9897694905,Delhi,City_40,1977-09-27,KYC_VERIFIED,Conservative,2019-12-24
INV00191,Investor 191,ABCDE0191F,investor191@email.com,9254415521,Maharashtra,City_41,1983-11-04,KYC_PENDING,Aggressive,2022-06-25
INV00192,Investor 192,ABCDE0192F,investor192@email.com,9602653100,Maharashtra,City_42,1998-03-02,KYC_PENDING,Moderate,2021-07-30
INV00193,Investor 193,ABCDE0193F,investor193@email.com,9953629133,Delhi,City_43,1978-12-16,KYC_VERIFIED,Conservative,2020-08-05
INV00194,Investor 194,ABCDE0194F,investor194@email.com,9831076924,West Bengal,City_44,1969-06-27,KYC_PENDING,Moderate,2020-10-11
INV00195,Investor 195,ABCDE0195F,investor195@email.com,9429679747,West Bengal,City_45,1963-10-19,KYC_PENDING,Moderate,2022-11-29
INV00196,Investor 196,ABCDE0196F,investor196@email.com,9783216131,Gujarat,City_46,1970-09-25,KYC_PENDING,Conservative,2018-08-13
INV00197,Investor 197,ABCDE0197F,investor197@email.com,9717336641,Rajasthan,City_47,1962-02-15,KYC_PENDING,Moderate,2021-08-30
INV00198,Investor 198,ABCDE0198F,investor198@email.com,9901216951,Gujarat,City_48,1992-04-15,KYC_VERIFIED,Aggressive,2021-05-28
INV00199,Investor 199,ABCDE0199F,investor199@email.com,9811824605,Maharashtra,City_49,1990-02-02,KYC_VERIFIED,Aggressive,2019-01-28
INV00200,Investor 200,ABCDE0200F,investor200@email.com,9120155150,UP,City_0,1981-01-19,KYC_PENDING,Aggressive,2019-07-11
INV00201,Investor 201,ABCDE0201F,investor201@email.com,9314661290,Gujarat,City_1,1997-02-10,KYC_PENDING,Moderate,2019-12-11
INV00202,Investor 202,ABCDE0202F,investor202@email.com,9142396102,Maharashtra,City_2,1990-10-25,KYC_PENDING,Conservative,2022-12-03
INV00203,Investor 203,ABCDE0203F,investor203@email.com,9649474587,Maharashtra,City_3,1985-05-02,KYC_PENDING,Moderate,2019-11-03
INV00204,Investor 204,ABCDE0204F,investor204@email.com,9710396378,Maharashtra,City_4,1975-03-06,KYC_VERIFIED,Conservative,2022-01-18
INV00205,Investor 205,ABCDE0205F,investor205@email.com,9832537776,Rajasthan,City_5,1962-11-27,KYC_PENDING,Moderate,2018-06-20
INV00206,Investor 206,ABCDE0206F,investor206@email.com,9951279556,Rajasthan,City_6,1999-09-13,KYC_VERIFIED,Moderate,2020-10-04
INV00207,Investor 207,ABCDE0207F,investor207@email.com,9266901070,Maharashtra,City_7,1982-04-18,KYC_PENDING,Aggressive,2020-08-05
INV00208,Investor 208,ABCDE0208F,investor208@email.com,9765251793,Karnataka,City_8,1999-01-26,KYC_PENDING,Aggressive,2021-01-11
INV00209,Investor 209,ABCDE0209F,investor209@email.com,9539386540,Karnataka,City_9,1970-11-21,KYC_VERIFIED,Moderate,2020-02-07
INV00210,Investor 210,ABCDE0210F,investor210@email.com,9521184247,Delhi,City_10,1990-02-02,KYC_PENDING,Aggressive,2022-06-18
INV00211,Investor 211,ABCDE0211F,investor211@email.com,9241820644,Karnataka,City_11,1992-08-01,KYC_VERIFIED,Conservative,2018-09-08
INV00212,Investor 212,ABCDE0212F,investor212@email.com,9742535310,West Bengal,City_12,1998-12-27,KYC_PENDING,Aggressive,2020-11-25
INV00213,Investor 213,ABCDE0213F,investor213@email.com,9273449156,Gujarat,City_13,1994-02-15,KYC_VERIFIED,Aggressive,2021-09-23
INV00214,Investor 214,ABCDE0214F,investor214@email.com,9798168178,Karnataka,City_14,1979-10-08,KYC_PENDING,Conservative,2021-01-04
INV00215,Investor 215,ABCDE0215F,investor215@email.com,9159223496,Maharashtra,City_15,1971-01-18,KYC_VERIFIED,Moderate,2022-09-03
INV00216,Investor 216,ABCDE0216F,investor216@email.com,9358876113,UP,City_16,1976-02-14,KYC_VERIFIED,Moderate,2018-12-09
INV00217,Investor 217,ABCDE0217F,investor217@email.com,9606947136,Rajasthan,City_17,1967-04-23,KYC_PENDING,Conservative,2022-02-05
INV00218,Investor 218,ABCDE0218F,investor218@email.com,9569135998,Tamil Nadu,City_18,1970-11-12,KYC_VERIFIED,Moderate,2019-07-16
INV00219,Investor 219,ABCDE0219F,investor219@email.com,9346524566,Tamil Nadu,City_19,1969-12-12,KYC_VERIFIED,Aggressive,2022-06-11
INV00220,Investor 220,ABCDE0220F,investor220@email.com,9468944518,West Bengal,City_20,1983-05-30,KYC_VERIFIED,Moderate,2021-10-16
INV00221,Investor 221,ABCDE0221F,investor221@email.com,9730159059,Tamil Nadu,City_21,1994-02-07,KYC_VERIFIED,Conservative,2020-09-21
INV00222,Investor 222,ABCDE0222F,investor222@email.com,9888310101,UP,City_22,1980-07-18,KYC_VERIFIED,Conservative,2021-10-19
INV00223,Investor 223,ABCDE0223F,investor223@email.com,9316612011,Rajasthan,City_23,1966-01-05,KYC_VERIFIED,Conservative,2018-07-30
INV00224,Investor 224,ABCDE0224F,investor224@email.com,9486307836,Maharashtra,City_24,1978-12-27,KYC_PENDING,Moderate,2022-11-28
INV00225,Investor 225,ABCDE0225F,investor225@email.com,9470650282,Karnataka,City_25,1976-09-02,KYC_VERIFIED,Conservative,2022-08-13
INV00226,Investor 226,ABCDE0226F,investor226@email.com,9749151315,Tamil Nadu,City_26,1985-11-19,KYC_PENDING,Conservative,2022-03-24
INV00227,Investor 227,ABCDE0227F,investor227@email.com,9177000548,UP,City_27,1974-01-27,KYC_PENDING,Moderate,2018-06-25
INV00228,Investor 228,ABCDE0228F,investor228@email.com,9691698569,UP,City_28,1982-11-14,KYC_VERIFIED,Aggressive,2019-06-08
INV00229,Investor 229,ABCDE0229F,investor229@email.com,9868650902,Tamil Nadu,City_29,1971-08-23,KYC_VERIFIED,Conservative,2020-11-22
INV00230,Investor 230,ABCDE0230F,investor230@email.com,9171651349,Gujarat,City_30,1965-06-11,KYC_VERIFIED,Aggressive,2021-10-27
INV00231,Investor 231,ABCDE0231F,investor231@email.com,9360074730,Karnataka,City_31,1981-09-21,KYC_PENDING,Conservative,2021-12-11
INV00232,Investor 232,ABCDE0232F,investor232@email.com,9821789606,UP,City_32,1990-11-27,KYC_VERIFIED,Moderate,2022-03-02
INV00233,Investor 233,ABCDE0233F,investor233@email.com,9336504937,Tamil Nadu,City_33,1983-08-07,KYC_VERIFIED,Moderate,2018-02-03
INV00234,Investor 234,ABCDE0234F,investor234@email.com,9470068806,Rajasthan,City_34,1972-01-03,KYC_PENDING,Aggressive,2020-07-08
INV00235,Investor 235,ABCDE0235F,investor235@email.com,9551131013,Delhi,City_35,1999-02-09,KYC_VERIFIED,Aggressive,2022-09-21
INV00236,Investor 236,ABCDE0236F,investor236@email.com,9458517473,Gujarat,City_36,1977-09-21,KYC_VERIFIED,Aggressive,2022-10-18
INV00237,Investor 237,ABCDE0237F,investor237@email.com,9241541049,Tamil Nadu,City_37,1995-09-18,KYC_VERIFIED,Conservative,2019-01-29
INV00238,Investor 238,ABCDE0238F,investor238@email.com,9910103515,West Bengal,City_38,1961-04-12,KYC_PENDING,Conservative,2021-01-28
INV00239,Investor 239,ABCDE0239F,investor239@email.com,9634958013,Maharashtra,City_39,1984-11-06,KYC_VERIFIED,Moderate,2020-09-21
INV00240,Investor 240,ABCDE0240F,investor240@email.com,9652276910,Maharashtra,City_40,1979-04-28,KYC_VERIFIED,Conservative,2019-02-19
INV00241,Investor 241,ABCDE0241F,investor241@email.com,9576214506,Tamil Nadu,City_41,1971-07-23,KYC_VERIFIED,Conservative,2018-07-01
INV00242,Investor 242,ABCDE0242F,investor242@email.com,9275035054,UP,City_42,1966-01-31,KYC_PENDING,Conservative,2020-11-15
INV00243,Investor 243,ABCDE0243F,investor243@email.com,9187780548,Maharashtra,City_43,1999-06-16,KYC_PENDING,Aggressive,2020-10-31
INV00244,Investor 244,ABCDE0244F,investor244@email.com,9595050892,Maharashtra,City_44,1995-05-07,KYC_VERIFIED,Moderate,2019-07-19
INV00245,Investor 245,ABCDE0245F,investor245@email.com,9659298799,Maharashtra,City_45,1973-12-13,KYC_PENDING,Moderate,2020-08-28
INV00246,Investor 246,ABCDE0246F,investor246@email.com,9916426316,Delhi,City_46,1968-09-25,KYC_VERIFIED,Moderate,2019-01-22
INV00247,Investor 247,ABCDE0247F,investor247@email.com,9448510035,Delhi,City_47,1977-07-27,KYC_VERIFIED,Aggressive,2020-04-09
INV00248,Investor 248,ABCDE0248F,investor248@email.com,9882122357,West Bengal,City_48,1984-09-28,KYC_PENDING,Moderate,2021-09-25
INV00249,Investor 249,ABCDE0249F,investor249@email.com,9828634719,Delhi,City_49,1982-07-01,KYC_PENDING,Aggressive,2018-01-30
INV00250,Investor 250,ABCDE0250F,investor250@email.com,9147128235,West Bengal,City_0,1975-08-12,KYC_VERIFIED,Moderate,2022-03-27
INV00251,Investor 251,ABCDE0251F,investor251@email.com,9542146703,Rajasthan,City_1,1982-10-26,KYC_VERIFIED,Moderate,2020-01-23
INV00252,Investor 252,ABCDE0252F,investor252@email.com,9389264132,Maharashtra,City_2,1978-05-22,KYC_VERIFIED,Conservative,2018-01-23
INV00253,Investor 253,ABCDE0253F,investor253@email.com,9708733288,Delhi,City_3,1999-06-03,KYC_VERIFIED,Conservative,2020-08-16
INV00254,Investor 254,ABCDE0254F,investor254@email.com,9926473301,Maharashtra,City_4,1973-11-17,KYC_PENDING,Conservative,2021-07-15
INV00255,Investor 255,ABCDE0255F,investor255@email.com,9908646140,Rajasthan,City_5,1992-10-19,KYC_PENDING,Conservative,2021-06-10
INV00256,Investor 256,ABCDE0256F,investor256@email.com,9387939054,Gujarat,City_6,1966-03-17,KYC_PENDING,Aggressive,2019-07-01
INV00257,Investor 257,ABCDE0257F,investor257@email.com,9350990327,Karnataka,City_7,1962-06-25,KYC_VERIFIED,Aggressive,2019-05-20
INV00258,Investor 258,ABCDE0258F,investor258@email.com,9302888849,UP,City_8,1983-05-13,KYC_PENDING,Moderate,2019-07-11
INV00259,Investor 259,ABCDE0259F,investor259@email.com,9692129314,Gujarat,City_9,1967-06-26,KYC_VERIFIED,Aggressive,2022-08-16
INV00260,Investor 260,ABCDE0260F,investor260@email.com,9193513267,UP,City_10,1974-07-18,KYC_PENDING,Moderate,2022-12-05
INV00261,Investor 261,ABCDE0261F,investor261@email.com,9560103133,West Bengal,City_11,1976-04-14,KYC_VERIFIED,Moderate,2021-01-06
INV00262,Investor 262,ABCDE0262F,investor262@email.com,9851839302,Gujarat,City_12,1983-03-13,KYC_VERIFIED,Aggressive,2021-11-17
INV00263,Investor 263,ABCDE0263F,investor263@email.com,9685852330,Karnataka,City_13,1965-08-09,KYC_VERIFIED,Moderate,2019-06-17
INV00264,Investor 264,ABCDE0264F,investor264@email.com,9961310350,Rajasthan,City_14,1996-10-15,KYC_VERIFIED,Moderate,2020-11-16
INV00265,Investor 265,ABCDE0265F,investor265@email.com,9164802800,West Bengal,City_15,1992-08-21,KYC_VERIFIED,Moderate,2019-11-02
INV00266,Investor 266,ABCDE0266F,investor266@email.com,9919629783,West Bengal,City_16,1980-03-15,KYC_VERIFIED,Moderate,2018-04-04
INV00267,Investor 267,ABCDE0267F,investor267@email.com,9789296890,Gujarat,City_17,1976-11-07,KYC_PENDING,Moderate,2018-11-06
INV00268,Investor 268,ABCDE0268F,investor268@email.com,9798717581,UP,City_18,1994-05-25,KYC_VERIFIED,Conservative,2020-02-28
INV00269,Investor 269,ABCDE0269F,investor269@email.com,9476024805,Delhi,City_19,1975-09-08,KYC_VERIFIED,Aggressive,2019-01-07
INV00270,Investor 270,ABCDE0270F,investor270@email.com,9807036486,Rajasthan,City_20,1988-05-21,KYC_VERIFIED,Moderate,2018-12-25
INV00271,Investor 271,ABCDE0271F,investor271@email.com,9840458620,West Bengal,City_21,1979-02-04,KYC_VERIFIED,Aggressive,2021-10-25
INV00272,Investor 272,ABCDE0272F,investor272@email.com,9562742939,Tamil Nadu,City_22,1981-01-07,KYC_VERIFIED,Aggressive,2022-03-03
INV00273,Investor 273,ABCDE0273F,investor273@email.com,9522395624,Rajasthan,City_23,1965-11-07,KYC_VERIFIED,Moderate,2018-01-04
INV00274,Investor 274,ABCDE0274F,investor274@email.com,9944840019,UP,City_24,1974-04-30,KYC_VERIFIED,Moderate,2021-03-29
INV00275,Investor 275,ABCDE0275F,investor275@email.com,9212438484,UP,City_25,1994-01-02,KYC_PENDING,Aggressive,2020-09-26
INV00276,Investor 276,ABCDE0276F,investor276@email.com,9537517781,Delhi,City_26,1978-04-30,KYC_VERIFIED,Conservative,2021-01-26
INV00277,Investor 277,ABCDE0277F,investor277@email.com,9341384890,Delhi,City_27,1996-03-27,KYC_VERIFIED,Conservative,2022-02-14
INV00278,Investor 278,ABCDE0278F,investor278@email.com,9829552132,Delhi,City_28,1993-03-09,KYC_VERIFIED,Moderate,2018-11-28
INV00279,Investor 279,ABCDE0279F,investor279@email.com,9894528404,Delhi,City_29,1981-11-02,KYC_VERIFIED,Conservative,2018-06-28
INV00280,Investor 280,ABCDE0280F,investor280@email.com,9188859046,Tamil Nadu,City_30,1985-07-08,KYC_VERIFIED,Aggressive,2020-04-01
INV00281,Investor 281,ABCDE0281F,investor281@email.com,9418615597,West Bengal,City_31,1960-02-15,KYC_VERIFIED,Conservative,2021-05-21
INV00282,Investor 282,ABCDE0282F,investor282@email.com,9935427545,Tamil Nadu,City_32,1979-06-11,KYC_VERIFIED,Aggressive,2022-01-09
INV00283,Investor 283,ABCDE0283F,investor283@email.com,9166262799,Karnataka,City_33,1997-03-28,KYC_VERIFIED,Conservative,2019-08-04
INV00284,Investor 284,ABCDE0284F,investor284@email.com,9283947886,Rajasthan,City_34,1984-05-22,KYC_VERIFIED,Aggressive,2019-11-12
INV00285,Investor 285,ABCDE0285F,investor285@email.com,9245973734,UP,City_35,1963-10-15,KYC_PENDING,Conservative,2022-11-18
INV00286,Investor 286,ABCDE0286F,investor286@email.com,9645929922,Karnataka,City_36,1972-06-13,KYC_PENDING,Aggressive,2019-11-24
INV00287,Investor 287,ABCDE0287F,investor287@email.com,9207501963,Gujarat,City_37,1981-05-27,KYC_PENDING,Moderate,2019-04-25
INV00288,Investor 288,ABCDE0288F,investor288@email.com,9611403886,Maharashtra,City_38,1987-04-15,KYC_PENDING,Conservative,2019-02-05
INV00289,Investor 289,ABCDE0289F,investor289@email.com,9987842046,West Bengal,City_39,1974-11-09,KYC_PENDING,Conservative,2021-07-06
INV00290,Investor 290,ABCDE0290F,investor290@email.com,9586863715,Maharashtra,City_40,1985-07-04,KYC_PENDING,Moderate,2019-11-08
INV00291,Investor 291,ABCDE0291F,investor291@email.com,9189790738,UP,City_41,1961-04-19,KYC_VERIFIED,Conservative,2020-09-22
INV00292,Investor 292,ABCDE0292F,investor292@email.com,9328213056,Delhi,City_42,1970-09-21,KYC_VERIFIED,Aggressive,2021-12-20
INV00293,Investor 293,ABCDE0293F,investor293@email.com,9796346952,Rajasthan,City_43,1981-04-30,KYC_PENDING,Conservative,2018-08-15
INV00294,Investor 294,ABCDE0294F,investor294@email.com,9361188928,Karnataka,City_44,1999-05-31,KYC_PENDING,Aggressive,2019-05-20
INV00295,Investor 295,ABCDE0295F,investor295@email.com,9509689092,West Bengal,City_45,1970-03-17,KYC_PENDING,Aggressive,2021-05-23
INV00296,Investor 296,ABCDE0296F,investor296@email.com,9928610537,Tamil Nadu,City_46,1972-06-04,KYC_VERIFIED,Aggressive,2019-04-27
INV00297,Investor 297,ABCDE0297F,investor297@email.com,9184128515,Rajasthan,City_47,1985-01-06,KYC_VERIFIED,Moderate,2019-04-10
INV00298,Investor 298,ABCDE0298F,investor298@email.com,9528667625,Rajasthan,City_48,1981-01-23,KYC_VERIFIED,Moderate,2018-08-11
INV00299,Investor 299,ABCDE0299F,investor299@email.com,9864397537,Maharashtra,City_49,1985-01-10,KYC_VERIFIED,Conservative,2020-09-29
INV00300,Investor 300,ABCDE0300F,investor300@email.com,9298354741,West Bengal,City_0,1973-07-28,KYC_PENDING,Moderate,2018-06-12
INV00301,Investor 301,ABCDE0301F,investor301@email.com,9542857701,UP,City_1,1964-06-06,KYC_VERIFIED,Moderate,2021-12-26
INV00302,Investor 302,ABCDE0302F,investor302@email.com,9282426743,UP,City_2,1965-10-31,KYC_VERIFIED,Moderate,2018-07-17
INV00303,Investor 303,ABCDE0303F,investor303@email.com,9728858915,West Bengal,City_3,1962-03-30,KYC_PENDING,Moderate,2019-10-04
INV00304,Investor 304,ABCDE0304F,investor304@email.com,9641085949,West Bengal,City_4,1978-05-16,KYC_PENDING,Moderate,2018-10-27
INV00305,Investor 305,ABCDE0305F,investor305@email.com,9539413327,Rajasthan,City_5,1961-02-04,KYC_VERIFIED,Conservative,2019-01-07
INV00306,Investor 306,ABCDE0306F,investor306@email.com,9759753912,Gujarat,City_6,1972-01-13,KYC_VERIFIED,Conservative,2019-09-15
INV00307,Investor 307,ABCDE0307F,investor307@email.com,9953904422,West Bengal,City_7,1982-10-27,KYC_VERIFIED,Conservative,2018-02-26
INV00308,Investor 308,ABCDE0308F,investor308@email.com,9927986777,Rajasthan,City_8,1992-02-08,KYC_VERIFIED,Aggressive,2020-09-28
INV00309,Investor 309,ABCDE0309F,investor309@email.com,9376082942,Delhi,City_9,1982-08-18,KYC_PENDING,Aggressive,2019-02-05
INV00310,Investor 310,ABCDE0310F,investor310@email.com,9298520446,Gujarat,City_10,1985-10-08,KYC_VERIFIED,Aggressive,2021-09-03
INV00311,Investor 311,ABCDE0311F,investor311@email.com,9653334149,Karnataka,City_11,1995-04-11,KYC_VERIFIED,Conservative,2021-09-02
INV00312,Investor 312,ABCDE0312F,investor312@email.com,9773814862,Rajasthan,City_12,1968-05-30,KYC_VERIFIED,Aggressive,2022-01-09
INV00313,Investor 313,ABCDE0313F,investor313@email.com,9685785131,Tamil Nadu,City_13,1969-09-21,KYC_PENDING,Aggressive,2020-07-17
INV00314,Investor 314,ABCDE0314F,investor314@email.com,9624161671,UP,City_14,1980-01-19,KYC_VERIFIED,Conservative,2019-04-07
INV00315,Investor 315,ABCDE0315F,investor315@email.com,9114377274,Delhi,City_15,1974-02-21,KYC_VERIFIED,Moderate,2019-06-13
INV00316,Investor 316,ABCDE0316F,investor316@email.com,9361906856,West Bengal,City_16,1971-02-08,KYC_VERIFIED,Aggressive,2019-01-25
INV00317,Investor 317,ABCDE0317F,investor317@email.com,9729161989,UP,City_17,1999-03-10,KYC_PENDING,Aggressive,2020-04-10
INV00318,Investor 318,ABCDE0318F,investor318@email.com,9102127811,Gujarat,City_18,1970-02-27,KYC_VERIFIED,Moderate,2019-08-18
INV00319,Investor 319,ABCDE0319F,investor319@email.com,9738140616,Rajasthan,City_19,1964-09-09,KYC_VERIFIED,Conservative,2018-07-26
INV00320,Investor 320,ABCDE0320F,investor320@email.com,9874928812,Delhi,City_20,1998-05-22,KYC_VERIFIED,Moderate,2019-08-22
INV00321,Investor 321,ABCDE0321F,investor321@email.com,9821814575,Delhi,City_21,1978-05-26,KYC_VERIFIED,Aggressive,2022-06-21
INV00322,Investor 322,ABCDE0322F,investor322@email.com,9155637029,Delhi,City_22,1990-07-18,KYC_VERIFIED,Aggressive,2019-07-09
INV00323,Investor 323,ABCDE0323F,investor323@email.com,9596999876,Maharashtra,City_23,1977-05-17,KYC_VERIFIED,Aggressive,2020-09-27
INV00324,Investor 324,ABCDE0324F,investor324@email.com,9697126796,Maharashtra,City_24,1976-12-13,KYC_PENDING,Moderate,2020-08-18
INV00325,Investor 325,ABCDE0325F,investor325@email.com,9382472932,Maharashtra,City_25,1961-07-16,KYC_VERIFIED,Aggressive,2019-03-02
INV00326,Investor 326,ABCDE0326F,investor326@email.com,9986142301,Delhi,City_26,1973-01-28,KYC_PENDING,Conservative,2020-06-07
INV00327,Investor 327,ABCDE0327F,investor327@email.com,9132555059,Delhi,City_27,1987-10-09,KYC_VERIFIED,Aggressive,2019-12-28
INV00328,Investor 328,ABCDE0328F,investor328@email.com,9386768143,Karnataka,City_28,1976-12-14,KYC_VERIFIED,Moderate,2019-01-15
INV00329,Investor 329,ABCDE0329F,investor329@email.com,9767892703,Maharashtra,City_29,1962-04-20,KYC_VERIFIED,Aggressive,2018-09-01
INV00330,Investor 330,ABCDE0330F,investor330@email.com,9282434282,Karnataka,City_30,1966-08-18,KYC_PENDING,Aggressive,2020-12-10
INV00331,Investor 331,ABCDE0331F,investor331@email.com,9328680248,Tamil Nadu,City_31,1960-11-11,KYC_VERIFIED,Conservative,2018-05-11
INV00332,Investor 332,ABCDE0332F,investor332@email.com,9190562974,Delhi,City_32,1960-08-26,KYC_PENDING,Aggressive,2018-04-11
INV00333,Investor 333,ABCDE0333F,investor333@email.com,9832941894,Rajasthan,City_33,1985-02-20,KYC_VERIFIED,Aggressive,2021-08-06
INV00334,Investor 334,ABCDE0334F,investor334@email.com,9844472717,Rajasthan,City_34,1993-07-02,KYC_PENDING,Moderate,2018-12-18
INV00335,Investor 335,ABCDE0335F,investor335@email.com,9259680826,Delhi,City_35,1987-03-16,KYC_VERIFIED,Aggressive,2018-08-03
INV00336,Investor 336,ABCDE0336F,investor336@email.com,9276291809,Tamil Nadu,City_36,1988-08-31,KYC_VERIFIED,Moderate,2020-06-24
INV00337,Investor 337,ABCDE0337F,investor337@email.com,9501371534,West Bengal,City_37,1975-11-07,KYC_VERIFIED,Aggressive,2019-02-04
INV00338,Investor 338,ABCDE0338F,investor338@email.com,9802884459,Delhi,City_38,1981-03-08,KYC_PENDING,Moderate,2020-09-03
INV00339,Investor 339,ABCDE0339F,investor339@email.com,9914115279,UP,City_39,1986-10-07,KYC_PENDING,Aggressive,2019-05-01
INV00340,Investor 340,ABCDE0340F,investor340@email.com,9966951914,Rajasthan,City_40,1973-06-01,KYC_PENDING,Aggressive,2021-06-29
INV00341,Investor 341,ABCDE0341F,investor341@email.com,9940787414,Delhi,City_41,1999-05-17,KYC_PENDING,Conservative,2021-02-04
INV00342,Investor 342,ABCDE0342F,investor342@email.com,9466774331,Tamil Nadu,City_42,1994-10-11,KYC_VERIFIED,Aggressive,2019-06-07
INV00343,Investor 343,ABCDE0343F,investor343@email.com,9588456745,West Bengal,City_43,1999-02-20,KYC_PENDING,Aggressive,2019-02-09
INV00344,Investor 344,ABCDE0344F,investor344@email.com,9551055796,Delhi,City_44,1984-07-16,KYC_PENDING,Conservative,2022-09-17
INV00345,Investor 345,ABCDE0345F,investor345@email.com,9138414484,Delhi,City_45,1990-04-25,KYC_PENDING,Moderate,2022-02-22
INV00346,Investor 346,ABCDE0346F,investor346@email.com,9380308321,UP,City_46,1996-08-21,KYC_PENDING,Conservative,2020-11-25
INV00347,Investor 347,ABCDE0347F,investor347@email.com,9995556788,West Bengal,City_47,1985-10-09,KYC_PENDING,Aggressive,2019-05-31
INV00348,Investor 348,ABCDE0348F,investor348@email.com,9248466519,Karnataka,City_48,1995-02-10,KYC_VERIFIED,Moderate,2022-02-14
INV00349,Investor 349,ABCDE0349F,investor349@email.com,9906083770,West Bengal,City_49,1975-06-01,KYC_VERIFIED,Conservative,2021-02-28
INV00350,Investor 350,ABCDE0350F,investor350@email.com,9648262315,Maharashtra,City_0,1981-09-25,KYC_VERIFIED,Aggressive,2022-03-06
INV00351,Investor 351,ABCDE0351F,investor351@email.com,9944135689,Maharashtra,City_1,1964-06-04,KYC_VERIFIED,Aggressive,2018-03-22
INV00352,Investor 352,ABCDE0352F,investor352@email.com,9664703554,Karnataka,City_2,1964-05-03,KYC_PENDING,Conservative,2022-10-16
INV00353,Investor 353,ABCDE0353F,investor353@email.com,9138370161,UP,City_3,1971-05-30,KYC_PENDING,Conservative,2021-03-08
INV00354,Investor 354,ABCDE0354F,investor354@email.com,9693874143,Delhi,City_4,1972-01-17,KYC_VERIFIED,Aggressive,2018-05-13
INV00355,Investor 355,ABCDE0355F,investor355@email.com,9138663199,UP,City_5,1960-03-10,KYC_PENDING,Conservative,2022-12-07
INV00356,Investor 356,ABCDE0356F,investor356@email.com,9486728431,UP,City_6,1995-10-01,KYC_VERIFIED,Moderate,2020-09-10
INV00357,Investor 357,ABCDE0357F,investor357@email.com,9984174701,Delhi,City_7,1971-03-11,KYC_PENDING,Aggressive,2020-10-25
INV00358,Investor 358,ABCDE0358F,investor358@email.com,9578416362,Karnataka,City_8,1997-02-18,KYC_VERIFIED,Conservative,2021-04-29
INV00359,Investor 359,ABCDE0359F,investor359@email.com,9523700497,Karnataka,City_9,1988-11-26,KYC_PENDING,Aggressive,2019-08-12
INV00360,Investor 360,ABCDE0360F,investor360@email.com,9919478121,Tamil Nadu,City_10,1970-12-14,KYC_VERIFIED,Conservative,2019-02-11
INV00361,Investor 361,ABCDE0361F,investor361@email.com,9491569519,Gujarat,City_11,1967-03-14,KYC_VERIFIED,Conservative,2021-01-16
INV00362,Investor 362,ABCDE0362F,investor362@email.com,9229912760,Delhi,City_12,1996-09-14,KYC_VERIFIED,Conservative,2021-12-23
INV00363,Investor 363,ABCDE0363F,investor363@email.com,9859769531,UP,City_13,1981-10-05,KYC_VERIFIED,Aggressive,2019-05-20
INV00364,Investor 364,ABCDE0364F,investor364@email.com,9996793352,Karnataka,City_14,1964-06-14,KYC_PENDING,Moderate,2018-05-09
INV00365,Investor 365,ABCDE0365F,investor365@email.com,9924052884,Delhi,City_15,1997-07-31,KYC_VERIFIED,Moderate,2020-01-17
INV00366,Investor 366,ABCDE0366F,investor366@email.com,9940419315,Delhi,City_16,1964-09-03,KYC_VERIFIED,Moderate,2020-08-26
INV00367,Investor 367,ABCDE0367F,investor367@email.com,9921998205,Karnataka,City_17,1986-11-11,KYC_VERIFIED,Conservative,2021-02-15
INV00368,Investor 368,ABCDE0368F,investor368@email.com,9344377394,Gujarat,City_18,1971-07-13,KYC_PENDING,Moderate,2019-04-08
INV00369,Investor 369,ABCDE0369F,investor369@email.com,9176068826,Gujarat,City_19,1989-09-07,KYC_VERIFIED,Moderate,2018-08-15
INV00370,Investor 370,ABCDE0370F,investor370@email.com,9432745780,Maharashtra,City_20,1967-06-02,KYC_VERIFIED,Aggressive,2018-10-28
INV00371,Investor 371,ABCDE0371F,investor371@email.com,9820724617,Delhi,City_21,1986-11-08,KYC_VERIFIED,Aggressive,2021-04-16
INV00372,Investor 372,ABCDE0372F,investor372@email.com,9836223131,Gujarat,City_22,1974-10-08,KYC_VERIFIED,Moderate,2020-09-22
INV00373,Investor 373,ABCDE0373F,investor373@email.com,9627523866,UP,City_23,1989-07-13,KYC_PENDING,Conservative,2022-12-15
INV00374,Investor 374,ABCDE0374F,investor374@email.com,9922030506,Maharashtra,City_24,1967-08-23,KYC_PENDING,Conservative,2021-01-17
INV00375,Investor 375,ABCDE0375F,investor375@email.com,9427070336,Karnataka,City_25,1990-12-30,KYC_PENDING,Aggressive,2021-02-17
INV00376,Investor 376,ABCDE0376F,investor376@email.com,9397690570,Rajasthan,City_26,1985-08-23,KYC_PENDING,Moderate,2021-01-25
INV00377,Investor 377,ABCDE0377F,investor377@email.com,9815005140,Gujarat,City_27,1999-11-12,KYC_VERIFIED,Conservative,2019-02-25
INV00378,Investor 378,ABCDE0378F,investor378@email.com,9533424252,Rajasthan,City_28,1995-11-21,KYC_VERIFIED,Aggressive,2019-01-26
INV00379,Investor 379,ABCDE0379F,investor379@email.com,9701626285,Karnataka,City_29,1978-06-28,KYC_VERIFIED,Aggressive,2018-05-18
INV00380,Investor 380,ABCDE0380F,investor380@email.com,9187342450,UP,City_30,1993-03-18,KYC_VERIFIED,Aggressive,2018-06-05
INV00381,Investor 381,ABCDE0381F,investor381@email.com,9441490198,Tamil Nadu,City_31,1960-02-13,KYC_PENDING,Aggressive,2022-03-21
INV00382,Investor 382,ABCDE0382F,investor382@email.com,9453623142,Rajasthan,City_32,1963-08-04,KYC_VERIFIED,Moderate,2021-02-16
INV00383,Investor 383,ABCDE0383F,investor383@email.com,9323005892,Karnataka,City_33,1993-03-01,KYC_VERIFIED,Conservative,2022-07-22
INV00384,Investor 384,ABCDE0384F,investor384@email.com,9257283969,Tamil Nadu,City_34,1972-05-13,KYC_VERIFIED,Moderate,2022-11-19
INV00385,Investor 385,ABCDE0385F,investor385@email.com,9512615835,Rajasthan,City_35,1981-06-23,KYC_VERIFIED,Conservative,2019-05-18
INV00386,Investor 386,ABCDE0386F,investor386@email.com,9169327096,West Bengal,City_36,1960-07-25,KYC_VERIFIED,Moderate,2021-07-29
INV00387,Investor 387,ABCDE0387F,investor387@email.com,9302400230,Maharashtra,City_37,1981-10-15,KYC_PENDING,Moderate,2019-11-30
INV00388,Investor 388,ABCDE0388F,investor388@email.com,9755152523,UP,City_38,1989-12-16,KYC_VERIFIED,Aggressive,2018-08-23
INV00389,Investor 389,ABCDE0389F,investor389@email.com,9328801601,Rajasthan,City_39,1971-11-13,KYC_PENDING,Aggressive,2018-07-16
INV00390,Investor 390,ABCDE0390F,investor390@email.com,9171996004,West Bengal,City_40,1979-12-12,KYC_PENDING,Aggressive,2018-06-25
INV00391,Investor 391,ABCDE0391F,investor391@email.com,9239784280,Maharashtra,City_41,1995-10-12,KYC_VERIFIED,Moderate,2019-09-20
INV00392,Investor 392,ABCDE0392F,investor392@email.com,9416062348,Rajasthan,City_42,1973-03-24,KYC_VERIFIED,Moderate,2019-06-24
INV00393,Investor 393,ABCDE0393F,investor393@email.com,9327875366,UP,City_43,1963-01-16,KYC_VERIFIED,Moderate,2020-04-11
INV00394,Investor 394,ABCDE0394F,investor394@email.com,9709243827,Delhi,City_44,1987-07-17,KYC_VERIFIED,Aggressive,2020-06-06
INV00395,Investor 395,ABCDE0395F,investor395@email.com,9422500455,Maharashtra,City_45,1994-11-13,KYC_VERIFIED,Aggressive,2020-08-03
INV00396,Investor 396,ABCDE0396F,investor396@email.com,9274913532,Maharashtra,City_46,1974-02-04,KYC_VERIFIED,Conservative,2022-04-03
INV00397,Investor 397,ABCDE0397F,investor397@email.com,9695974785,Rajasthan,City_47,1973-11-24,KYC_VERIFIED,Conservative,2021-09-18
INV00398,Investor 398,ABCDE0398F,investor398@email.com,9356277559,Gujarat,City_48,1963-01-17,KYC_VERIFIED,Conservative,2022-09-14
INV00399,Investor 399,ABCDE0399F,investor399@email.com,9702350573,Karnataka,City_49,1988-08-24,KYC_VERIFIED,Conservative,2018-01-23
INV00400,Investor 400,ABCDE0400F,investor400@email.com,9214338218,Rajasthan,City_0,1989-02-12,KYC_VERIFIED,Moderate,2020-02-23
INV00401,Investor 401,ABCDE0401F,investor401@email.com,9513173397,West Bengal,City_1,1966-07-30,KYC_VERIFIED,Moderate,2019-10-02
INV00402,Investor 402,ABCDE0402F,investor402@email.com,9957650195,Maharashtra,City_2,1998-06-01,KYC_VERIFIED,Moderate,2021-01-12
INV00403,Investor 403,ABCDE0403F,investor403@email.com,9100007118,Rajasthan,City_3,1973-05-11,KYC_PENDING,Moderate,2018-11-26
INV00404,Investor 404,ABCDE0404F,investor404@email.com,9482443574,UP,City_4,1967-01-25,KYC_VERIFIED,Conservative,2021-08-05
INV00405,Investor 405,ABCDE0405F,investor405@email.com,9235377174,Karnataka,City_5,1963-01-14,KYC_VERIFIED,Moderate,2019-01-12
INV00406,Investor 406,ABCDE0406F,investor406@email.com,9505815120,Gujarat,City_6,1993-10-29,KYC_VERIFIED,Moderate,2019-01-17
INV00407,Investor 407,ABCDE0407F,investor407@email.com,9168317017,Rajasthan,City_7,1974-06-26,KYC_VERIFIED,Aggressive,2021-05-03
INV00408,Investor 408,ABCDE0408F,investor408@email.com,9551594881,Gujarat,City_8,1996-06-30,KYC_VERIFIED,Moderate,2018-06-22
INV00409,Investor 409,ABCDE0409F,investor409@email.com,9451613736,Delhi,City_9,1978-02-10,KYC_VERIFIED,Moderate,2019-05-06
INV00410,Investor 410,ABCDE0410F,investor410@email.com,9369808397,Rajasthan,City_10,1995-11-15,KYC_PENDING,Aggressive,2021-10-11
INV00411,Investor 411,ABCDE0411F,investor411@email.com,9868151242,Maharashtra,City_11,1973-10-04,KYC_VERIFIED,Moderate,2018-05-09
INV00412,Investor 412,ABCDE0412F,investor412@email.com,9652403854,Karnataka,City_12,1999-09-05,KYC_PENDING,Moderate,2020-12-05
INV00413,Investor 413,ABCDE0413F,investor413@email.com,9998336925,UP,City_13,1963-08-25,KYC_VERIFIED,Conservative,2021-05-23
INV00414,Investor 414,ABCDE0414F,investor414@email.com,9521739620,Delhi,City_14,1981-09-05,KYC_VERIFIED,Aggressive,2022-01-19
INV00415,Investor 415,ABCDE0415F,investor415@email.com,9324285893,UP,City_15,1966-09-03,KYC_VERIFIED,Conservative,2022-06-25
INV00416,Investor 416,ABCDE0416F,investor416@email.com,9475205288,Karnataka,City_16,1969-03-18,KYC_VERIFIED,Conservative,2022-02-20
INV00417,Investor 417,ABCDE0417F,investor417@email.com,9902194482,West Bengal,City_17,1970-04-05,KYC_VERIFIED,Moderate,2021-11-18
INV00418,Investor 418,ABCDE0418F,investor418@email.com,9297003342,Gujarat,City_18,1970-12-15,KYC_VERIFIED,Aggressive,2021-11-11
INV00419,Investor 419,ABCDE0419F,investor419@email.com,9361661193,Tamil Nadu,City_19,1977-11-14,KYC_PENDING,Conservative,2018-07-23
INV00420,Investor 420,ABCDE0420F,investor420@email.com,9687333632,Tamil Nadu,City_20,1979-06-28,KYC_PENDING,Moderate,2021-01-28
INV00421,Investor 421,ABCDE0421F,investor421@email.com,9895355213,Tamil Nadu,City_21,1983-10-17,KYC_VERIFIED,Conservative,2022-06-28
INV00422,Investor 422,ABCDE0422F,investor422@email.com,9538945471,West Bengal,City_22,1983-01-10,KYC_VERIFIED,Aggressive,2018-11-30
INV00423,Investor 423,ABCDE0423F,investor423@email.com,9885983131,Delhi,City_23,1963-01-11,KYC_VERIFIED,Conservative,2020-10-24
INV00424,Investor 424,ABCDE0424F,investor424@email.com,9516320259,Maharashtra,City_24,1961-11-05,KYC_PENDING,Conservative,2022-07-28
INV00425,Investor 425,ABCDE0425F,investor425@email.com,9183910634,UP,City_25,1988-06-22,KYC_VERIFIED,Aggressive,2021-10-19
INV00426,Investor 426,ABCDE0426F,investor426@email.com,9960992580,UP,City_26,1966-02-19,KYC_VERIFIED,Moderate,2020-12-21
INV00427,Investor 427,ABCDE0427F,investor427@email.com,9737467859,Karnataka,City_27,1998-11-06,KYC_VERIFIED,Aggressive,2021-12-16
INV00428,Investor 428,ABCDE0428F,investor428@email.com,9842874109,Delhi,City_28,1985-01-31,KYC_PENDING,Moderate,2020-10-22
INV00429,Investor 429,ABCDE0429F,investor429@email.com,9865016730,Gujarat,City_29,1998-04-26,KYC_VERIFIED,Moderate,2019-01-08
INV00430,Investor 430,ABCDE0430F,investor430@email.com,9499962663,Maharashtra,City_30,1992-12-14,KYC_VERIFIED,Conservative,2018-09-13
INV00431,Investor 431,ABCDE0431F,investor431@email.com,9448037273,West Bengal,City_31,1985-02-19,KYC_VERIFIED,Moderate,2020-09-05
INV00432,Investor 432,ABCDE0432F,investor432@email.com,9208554569,Maharashtra,City_32,1979-03-12,KYC_PENDING,Conservative,2020-12-02
INV00433,Investor 433,ABCDE0433F,investor433@email.com,9655366241,Delhi,City_33,1996-08-26,KYC_VERIFIED,Moderate,2021-03-11
INV00434,Investor 434,ABCDE0434F,investor434@email.com,9749430337,Maharashtra,City_34,1962-04-01,KYC_VERIFIED,Aggressive,2019-12-08
INV00435,Investor 435,ABCDE0435F,investor435@email.com,9369525119,West Bengal,City_35,1974-08-19,KYC_PENDING,Moderate,2022-03-12
INV00436,Investor 436,ABCDE0436F,investor436@email.com,9314687560,Delhi,City_36,1994-08-10,KYC_VERIFIED,Conservative,2019-10-30
INV00437,Investor 437,ABCDE0437F,investor437@email.com,9551933471,Karnataka,City_37,1968-03-05,KYC_VERIFIED,Aggressive,2021-01-27
INV00438,Investor 438,ABCDE0438F,investor438@email.com,9300205824,Rajasthan,City_38,1993-04-26,KYC_PENDING,Conservative,2021-11-15
INV00439,Investor 439,ABCDE0439F,investor439@email.com,9440536539,Rajasthan,City_39,1962-05-09,KYC_VERIFIED,Moderate,2018-04-02
INV00440,Investor 440,ABCDE0440F,investor440@email.com,9503760487,Maharashtra,City_40,1979-03-21,KYC_VERIFIED,Aggressive,2020-03-02
INV00441,Investor 441,ABCDE0441F,investor441@email.com,9280729611,Rajasthan,City_41,1962-04-27,KYC_VERIFIED,Conservative,2022-11-30
INV00442,Investor 442,ABCDE0442F,investor442@email.com,9510374589,Delhi,City_42,1993-05-26,KYC_VERIFIED,Aggressive,2019-02-28
INV00443,Investor 443,ABCDE0443F,investor443@email.com,9306496935,Tamil Nadu,City_43,1981-06-29,KYC_VERIFIED,Moderate,2019-01-08
INV00444,Investor 444,ABCDE0444F,investor444@email.com,9752367459,Maharashtra,City_44,1997-04-16,KYC_VERIFIED,Conservative,2021-11-16
INV00445,Investor 445,ABCDE0445F,investor445@email.com,9629526512,Rajasthan,City_45,1971-06-04,KYC_VERIFIED,Aggressive,2021-09-01
INV00446,Investor 446,ABCDE0446F,investor446@email.com,9439424463,Tamil Nadu,City_46,1971-06-09,KYC_VERIFIED,Aggressive,2018-02-23
INV00447,Investor 447,ABCDE0447F,investor447@email.com,9910901830,UP,City_47,1984-05-16,KYC_VERIFIED,Conservative,2022-01-13
INV00448,Investor 448,ABCDE0448F,investor448@email.com,9150310058,West Bengal,City_48,1985-08-06,KYC_VERIFIED,Conservative,2022-11-13
INV00449,Investor 449,ABCDE0449F,investor449@email.com,9510155371,Delhi,City_49,1969-11-08,KYC_VERIFIED,Moderate,2019-11-19
INV00450,Investor 450,ABCDE0450F,investor450@email.com,9779027694,Rajasthan,City_0,1972-02-20,KYC_VERIFIED,Moderate,2019-01-05
INV00451,Investor 451,ABCDE0451F,investor451@email.com,9859969610,West Bengal,City_1,1968-02-27,KYC_VERIFIED,Moderate,2018-07-29
INV00452,Investor 452,ABCDE0452F,investor452@email.com,9724524153,Rajasthan,City_2,1997-12-21,KYC_VERIFIED,Moderate,2020-09-30
INV00453,Investor 453,ABCDE0453F,investor453@email.com,9561169774,Karnataka,City_3,1982-02-19,KYC_VERIFIED,Moderate,2022-01-22
INV00454,Investor 454,ABCDE0454F,investor454@email.com,9909261913,Maharashtra,City_4,1994-03-31,KYC_VERIFIED,Conservative,2022-04-22
INV00455,Investor 455,ABCDE0455F,investor455@email.com,9224656011,Maharashtra,City_5,1988-08-24,KYC_VERIFIED,Aggressive,2022-04-20
INV00456,Investor 456,ABCDE0456F,investor456@email.com,9559668955,Tamil Nadu,City_6,1960-05-20,KYC_VERIFIED,Aggressive,2021-01-28
INV00457,Investor 457,ABCDE0457F,investor457@email.com,9326053236,West Bengal,City_7,1967-09-22,KYC_PENDING,Moderate,2019-02-22
INV00458,Investor 458,ABCDE0458F,investor458@email.com,9356623919,UP,City_8,1977-10-01,KYC_PENDING,Aggressive,2019-02-22
INV00459,Investor 459,ABCDE0459F,investor459@email.com,9791157205,Gujarat,City_9,1963-11-16,KYC_PENDING,Aggressive,2022-07-15
INV00460,Investor 460,ABCDE0460F,investor460@email.com,9745350882,Maharashtra,City_10,1999-12-06,KYC_VERIFIED,Moderate,2021-03-06
INV00461,Investor 461,ABCDE0461F,investor461@email.com,9464827321,Tamil Nadu,City_11,1994-07-13,KYC_VERIFIED,Moderate,2020-03-09
INV00462,Investor 462,ABCDE0462F,investor462@email.com,9396886550,West Bengal,City_12,1998-01-24,KYC_VERIFIED,Conservative,2021-09-16
INV00463,Investor 463,ABCDE0463F,investor463@email.com,9262621947,Rajasthan,City_13,1998-02-12,KYC_PENDING,Aggressive,2018-09-02
INV00464,Investor 464,ABCDE0464F,investor464@email.com,9647276348,Maharashtra,City_14,1973-12-12,KYC_VERIFIED,Conservative,2020-02-01
INV00465,Investor 465,ABCDE0465F,investor465@email.com,9209767152,Tamil Nadu,City_15,1971-10-20,KYC_VERIFIED,Conservative,2019-03-02
INV00466,Investor 466,ABCDE0466F,investor466@email.com,9493779139,Maharashtra,City_16,1972-11-13,KYC_PENDING,Aggressive,2020-01-13
INV00467,Investor 467,ABCDE0467F,investor467@email.com,9853041435,Delhi,City_17,1977-03-03,KYC_VERIFIED,Conservative,2022-05-05
INV00468,Investor 468,ABCDE0468F,investor468@email.com,9669120852,Gujarat,City_18,1989-01-06,KYC_VERIFIED,Moderate,2018-12-20
INV00469,Investor 469,ABCDE0469F,investor469@email.com,9520452785,Tamil Nadu,City_19,1969-07-22,KYC_VERIFIED,Aggressive,2020-11-16
INV00470,Investor 470,ABCDE0470F,investor470@email.com,9835536566,Rajasthan,City_20,1966-10-17,KYC_PENDING,Conservative,2020-08-08
INV00471,Investor 471,ABCDE0471F,investor471@email.com,9347567050,West Bengal,City_21,1965-07-01,KYC_VERIFIED,Aggressive,2021-09-09
INV00472,Investor 472,ABCDE0472F,investor472@email.com,9510759427,Rajasthan,City_22,1998-01-30,KYC_PENDING,Aggressive,2021-06-06
INV00473,Investor 473,ABCDE0473F,investor473@email.com,9364193687,West Bengal,City_23,1973-04-25,KYC_VERIFIED,Aggressive,2022-05-20
INV00474,Investor 474,ABCDE0474F,investor474@email.com,9840636257,Karnataka,City_24,1976-01-16,KYC_VERIFIED,Aggressive,2019-09-03
INV00475,Investor 475,ABCDE0475F,investor475@email.com,9445006574,Gujarat,City_25,1980-11-22,KYC_VERIFIED,Moderate,2021-06-06
INV00476,Investor 476,ABCDE0476F,investor476@email.com,9584468584,UP,City_26,1977-05-06,KYC_PENDING,Moderate,2021-08-09
INV00477,Investor 477,ABCDE0477F,investor477@email.com,9590168447,Karnataka,City_27,1970-03-12,KYC_PENDING,Moderate,2019-01-11
INV00478,Investor 478,ABCDE0478F,investor478@email.com,9636662632,Delhi,City_28,1991-09-25,KYC_VERIFIED,Conservative,2021-08-27
INV00479,Investor 479,ABCDE0479F,investor479@email.com,9155271128,Rajasthan,City_29,1993-03-26,KYC_VERIFIED,Moderate,2020-06-20
INV00480,Investor 480,ABCDE0480F,investor480@email.com,9781148312,UP,City_30,1966-05-24,KYC_VERIFIED,Conservative,2021-07-15
INV00481,Investor 481,ABCDE0481F,investor481@email.com,9449466703,Rajasthan,City_31,1971-01-12,KYC_PENDING,Moderate,2022-08-30
INV00482,Investor 482,ABCDE0482F,investor482@email.com,9851543849,Karnataka,City_32,1981-10-19,KYC_VERIFIED,Moderate,2020-09-20
INV00483,Investor 483,ABCDE0483F,investor483@email.com,9552439269,West Bengal,City_33,1970-01-14,KYC_VERIFIED,Moderate,2022-02-28
INV00484,Investor 484,ABCDE0484F,investor484@email.com,9360433812,Karnataka,City_34,1969-04-28,KYC_PENDING,Moderate,2022-12-11
INV00485,Investor 485,ABCDE0485F,investor485@email.com,9610632323,Gujarat,City_35,1961-03-31,KYC_PENDING,Conservative,2018-01-14
INV00486,Investor 486,ABCDE0486F,investor486@email.com,9642349407,Delhi,City_36,1979-02-12,KYC_PENDING,Conservative,2020-06-12
INV00487,Investor 487,ABCDE0487F,investor487@email.com,9146840733,Tamil Nadu,City_37,1966-06-29,KYC_PENDING,Conservative,2022-01-20
INV00488,Investor 488,ABCDE0488F,investor488@email.com,9337342016,Maharashtra,City_38,1967-07-10,KYC_PENDING,Conservative,2022-11-29
INV00489,Investor 489,ABCDE0489F,investor489@email.com,9557713393,Karnataka,City_39,1983-09-23,KYC_VERIFIED,Conservative,2020-10-28
INV00490,Investor 490,ABCDE0490F,investor490@email.com,9469085701,Delhi,City_40,1984-06-11,KYC_VERIFIED,Moderate,2022-03-29
INV00491,Investor 491,ABCDE0491F,investor491@email.com,9453595252,Rajasthan,City_41,1998-09-20,KYC_PENDING,Conservative,2019-04-17
INV00492,Investor 492,ABCDE0492F,investor492@email.com,9492992056,Delhi,City_42,1991-03-11,KYC_VERIFIED,Aggressive,2022-11-07
INV00493,Investor 493,ABCDE0493F,investor493@email.com,9854661492,Delhi,City_43,1976-05-27,KYC_VERIFIED,Aggressive,2018-10-06
INV00494,Investor 494,ABCDE0494F,investor494@email.com,9378670853,Karnataka,City_44,1989-10-29,KYC_PENDING,Aggressive,2021-01-08
INV00495,Investor 495,ABCDE0495F,investor495@email.com,9946804590,West Bengal,City_45,1979-05-20,KYC_VERIFIED,Conservative,2019-03-25
INV00496,Investor 496,ABCDE0496F,investor496@email.com,9414780479,Maharashtra,City_46,1979-05-12,KYC_VERIFIED,Conservative,2022-01-23
INV00497,Investor 497,ABCDE0497F,investor497@email.com,9628023258,West Bengal,City_47,1977-03-20,KYC_VERIFIED,Aggressive,2022-03-11
INV00498,Investor 498,ABCDE0498F,investor498@email.com,9903298421,Karnataka,City_48,1986-11-14,KYC_PENDING,Aggressive,2020-07-15
INV00499,Investor 499,ABCDE0499F,investor499@email.com,9987029305,West Bengal,City_49,1974-11-21,KYC_VERIFIED,Aggressive,2019-09-27
INV00500,Investor 500,ABCDE0500F,investor500@email.com,9817084190,Maharashtra,City_0,1991-02-02,KYC_VERIFIED,Moderate,2020-02-25
